,INPUT:image,Race,,,,,,,
0,https://raw.githubusercontent.com/BirkhoffG/crowd_project/main/original/40501.png,0,M,Y,,,,,0
1,https://raw.githubusercontent.com/BirkhoffG/crowd_project/main/original/40502.png,2,M,Y,,,,,
2,https://raw.githubusercontent.com/BirkhoffG/crowd_project/main/original/40503.png,3,M,O,,?,,,
3,https://raw.githubusercontent.com/BirkhoffG/crowd_project/main/original/40504.png,0,M,O,,,,,
4,https://raw.githubusercontent.com/BirkhoffG/crowd_project/main/original/40505.png,0,F,Y,,,,,
5,https://raw.githubusercontent.com/BirkhoffG/crowd_project/main/original/40506.png,2,M,Y,,,,,
6,https://raw.githubusercontent.com/BirkhoffG/crowd_project/main/original/40507.png,0,F,C,,,,,
7,https://raw.githubusercontent.com/BirkhoffG/crowd_project/main/original/40508.png,3,M,Y,,,,,
8,https://raw.githubusercontent.com/BirkhoffG/crowd_project/main/original/40509.png,1,M,Y,,,,,
9,https://raw.githubusercontent.com/BirkhoffG/crowd_project/main/original/40510.png,0,F,Y,,,,,
10,https://raw.githubusercontent.com/BirkhoffG/crowd_project/main/original/40511.png,0,F,C,,,,,
11,https://raw.githubusercontent.com/BirkhoffG/crowd_project/main/original/40512.png,0,F,C,,,,,
12,https://raw.githubusercontent.com/BirkhoffG/crowd_project/main/original/40513.png,0,M,C,,,,,
13,https://raw.githubusercontent.com/BirkhoffG/crowd_project/main/original/40514.png,0,M,Y,,,,,
14,https://raw.githubusercontent.com/BirkhoffG/crowd_project/main/original/40515.png,1,M,C,,,,,
15,https://raw.githubusercontent.com/BirkhoffG/crowd_project/main/original/40516.png,2,M,Y,,,,,
16,https://raw.githubusercontent.com/BirkhoffG/crowd_project/main/original/40517.png,0,F,Y,,,,,
17,https://raw.githubusercontent.com/BirkhoffG/crowd_project/main/original/40518.png,4,F,Y,,?,,,
18,https://raw.githubusercontent.com/BirkhoffG/crowd_project/main/original/40519.png,0,M,Y,,,,,
19,https://raw.githubusercontent.com/BirkhoffG/crowd_project/main/original/40520.png,0,M,Y,,,,,
20,https://raw.githubusercontent.com/BirkhoffG/crowd_project/main/original/40521.png,0,F,Y,,?,,,
21,https://raw.githubusercontent.com/BirkhoffG/crowd_project/main/original/40522.png,0,F,C,,,,,
22,https://raw.githubusercontent.com/BirkhoffG/crowd_project/main/original/40523.png,2,F,Y,,,,,
23,https://raw.githubusercontent.com/BirkhoffG/crowd_project/main/original/40524.png,4,F,Y,,,,,
24,https://raw.githubusercontent.com/BirkhoffG/crowd_project/main/original/40525.png,0,F,Y,,,,,
25,https://raw.githubusercontent.com/BirkhoffG/crowd_project/main/original/40526.png,0,F,Y,,,,,
26,https://raw.githubusercontent.com/BirkhoffG/crowd_project/main/original/40527.png,0,M,Y,,,,,
27,https://raw.githubusercontent.com/BirkhoffG/crowd_project/main/original/40528.png,0,F,C,,,,,
28,https://raw.githubusercontent.com/BirkhoffG/crowd_project/main/original/40529.png,3,M,Y,,?,,,
29,https://raw.githubusercontent.com/BirkhoffG/crowd_project/main/original/40530.png,0,F,Y,,,,,
30,https://raw.githubusercontent.com/BirkhoffG/crowd_project/main/original/40531.png,0,F,Y,,,,,
31,https://raw.githubusercontent.com/BirkhoffG/crowd_project/main/original/40532.png,3,M,O,,,,,
32,https://raw.githubusercontent.com/BirkhoffG/crowd_project/main/original/40533.png,0,M,Y,,,,,
33,https://raw.githubusercontent.com/BirkhoffG/crowd_project/main/original/40534.png,2,M,Y,,,,,
34,https://raw.githubusercontent.com/BirkhoffG/crowd_project/main/original/40535.png,0,F,Y,,,,,
35,https://raw.githubusercontent.com/BirkhoffG/crowd_project/main/original/40536.png,0,M,C,,,,,
36,https://raw.githubusercontent.com/BirkhoffG/crowd_project/main/original/40537.png,0,F,O,,,,,
37,https://raw.githubusercontent.com/BirkhoffG/crowd_project/main/original/40538.png,2,F,Y,,,,,
38,https://raw.githubusercontent.com/BirkhoffG/crowd_project/main/original/40539.png,0,F,Y,,,,,
39,https://raw.githubusercontent.com/BirkhoffG/crowd_project/main/original/40540.png,0,M,O,,,,,
40,https://raw.githubusercontent.com/BirkhoffG/crowd_project/main/original/40541.png,0,M,Y,,,,,
41,https://raw.githubusercontent.com/BirkhoffG/crowd_project/main/original/40542.png,0,M,Y,,,,,
42,https://raw.githubusercontent.com/BirkhoffG/crowd_project/main/original/40543.png,2,F,Y,,,,,
43,https://raw.githubusercontent.com/BirkhoffG/crowd_project/main/original/40544.png,0,M,O,,,,,
44,https://raw.githubusercontent.com/BirkhoffG/crowd_project/main/original/40545.png,2,F,Y,,,,,
45,https://raw.githubusercontent.com/BirkhoffG/crowd_project/main/original/40546.png,0,M,C,,,,,
46,https://raw.githubusercontent.com/BirkhoffG/crowd_project/main/original/40547.png,0,F,Y,,,,,
47,https://raw.githubusercontent.com/BirkhoffG/crowd_project/main/original/40548.png,3,F,Y,,,,,
48,https://raw.githubusercontent.com/BirkhoffG/crowd_project/main/original/40549.png,0,F,C,,,,,
49,https://raw.githubusercontent.com/BirkhoffG/crowd_project/main/original/40550.png,0,M,O,,,,,
50,https://raw.githubusercontent.com/BirkhoffG/crowd_project/main/original/40551.png,0,F,Y,,,,,
51,https://raw.githubusercontent.com/BirkhoffG/crowd_project/main/original/40552.png,0,M,Y,,,,,
52,https://raw.githubusercontent.com/BirkhoffG/crowd_project/main/original/40553.png,4,F,Y,,,,,
53,https://raw.githubusercontent.com/BirkhoffG/crowd_project/main/original/40554.png,0,F,Y,,,,,
54,https://raw.githubusercontent.com/BirkhoffG/crowd_project/main/original/40555.png,0,M,O,,,,,
55,https://raw.githubusercontent.com/BirkhoffG/crowd_project/main/original/40556.png,0,F,Y,,,,,
56,https://raw.githubusercontent.com/BirkhoffG/crowd_project/main/original/40557.png,0,M,Y,,,,,
57,https://raw.githubusercontent.com/BirkhoffG/crowd_project/main/original/40558.png,0,M,O,,,,,
58,https://raw.githubusercontent.com/BirkhoffG/crowd_project/main/original/40559.png,2,M,Y,,,,,
59,https://raw.githubusercontent.com/BirkhoffG/crowd_project/main/original/40560.png,0,M,Y,,,,,
60,https://raw.githubusercontent.com/BirkhoffG/crowd_project/main/original/40561.png,1,M,C,,,,,
61,https://raw.githubusercontent.com/BirkhoffG/crowd_project/main/original/40562.png,0,F,Y,,,,,
62,https://raw.githubusercontent.com/BirkhoffG/crowd_project/main/original/40563.png,0,F,C,,,,,
63,https://raw.githubusercontent.com/BirkhoffG/crowd_project/main/original/40564.png,0,M,O,,,,,
64,https://raw.githubusercontent.com/BirkhoffG/crowd_project/main/original/40565.png,0,F,Y,,,,,
65,https://raw.githubusercontent.com/BirkhoffG/crowd_project/main/original/40566.png,0,F,Y,,,,,
66,https://raw.githubusercontent.com/BirkhoffG/crowd_project/main/original/40567.png,2,M,Y,,,,,
67,https://raw.githubusercontent.com/BirkhoffG/crowd_project/main/original/40568.png,0,M,Y,,,,,
68,https://raw.githubusercontent.com/BirkhoffG/crowd_project/main/original/40569.png,0,M,Y,,,,,
69,https://raw.githubusercontent.com/BirkhoffG/crowd_project/main/original/40570.png,0,M,Y,,,,,
70,https://raw.githubusercontent.com/BirkhoffG/crowd_project/main/original/40571.png,2,M,Y,,,,,
71,https://raw.githubusercontent.com/BirkhoffG/crowd_project/main/original/40572.png,0,F,Y,,,,,
72,https://raw.githubusercontent.com/BirkhoffG/crowd_project/main/original/40573.png,1,F,Y,,?,,,
73,https://raw.githubusercontent.com/BirkhoffG/crowd_project/main/original/40574.png,0,F,Y,,,,,
74,https://raw.githubusercontent.com/BirkhoffG/crowd_project/main/original/40575.png,0,M,C,,,,,
75,https://raw.githubusercontent.com/BirkhoffG/crowd_project/main/original/40576.png,0,F,C,,,,,
76,https://raw.githubusercontent.com/BirkhoffG/crowd_project/main/original/40577.png,0,M,C,,,,,
77,https://raw.githubusercontent.com/BirkhoffG/crowd_project/main/original/40578.png,0,F,Y,,,,,
78,https://raw.githubusercontent.com/BirkhoffG/crowd_project/main/original/40579.png,4,F,Y,,?,,,
79,https://raw.githubusercontent.com/BirkhoffG/crowd_project/main/original/40580.png,0,M,O,,,,,
80,https://raw.githubusercontent.com/BirkhoffG/crowd_project/main/original/40581.png,1,F,Y,,,,,
81,https://raw.githubusercontent.com/BirkhoffG/crowd_project/main/original/40582.png,0,M,O,,,,,
82,https://raw.githubusercontent.com/BirkhoffG/crowd_project/main/original/40583.png,0,M,O,,,,,
83,https://raw.githubusercontent.com/BirkhoffG/crowd_project/main/original/40584.png,0,M,Y,,,,,
84,https://raw.githubusercontent.com/BirkhoffG/crowd_project/main/original/40585.png,0,M,C,,,,,
85,https://raw.githubusercontent.com/BirkhoffG/crowd_project/main/original/40586.png,0,M,Y,,,,,
86,https://raw.githubusercontent.com/BirkhoffG/crowd_project/main/original/40587.png,0,F,Y,,,,,
87,https://raw.githubusercontent.com/BirkhoffG/crowd_project/main/original/40588.png,0,F,Y,,,,,
88,https://raw.githubusercontent.com/BirkhoffG/crowd_project/main/original/40589.png,0,F,O,,,,,
89,https://raw.githubusercontent.com/BirkhoffG/crowd_project/main/original/40590.png,0,M,O,,,,,
90,https://raw.githubusercontent.com/BirkhoffG/crowd_project/main/original/40591.png,0,M,Y,,,,,
91,https://raw.githubusercontent.com/BirkhoffG/crowd_project/main/original/40592.png,0,F,Y,,,,,
92,https://raw.githubusercontent.com/BirkhoffG/crowd_project/main/original/40593.png,0,F,Y,,,,,
93,https://raw.githubusercontent.com/BirkhoffG/crowd_project/main/original/40594.png,0,F,Y,,,,,
94,https://raw.githubusercontent.com/BirkhoffG/crowd_project/main/original/40595.png,0,M,Y,,,,,
95,https://raw.githubusercontent.com/BirkhoffG/crowd_project/main/original/40596.png,2,F,Y,,,,,
96,https://raw.githubusercontent.com/BirkhoffG/crowd_project/main/original/40597.png,0,M,Y,,?,,,
97,https://raw.githubusercontent.com/BirkhoffG/crowd_project/main/original/40598.png,2,M,O,,,,,
98,https://raw.githubusercontent.com/BirkhoffG/crowd_project/main/original/40599.png,0,F,C,,,,,
99,https://raw.githubusercontent.com/BirkhoffG/crowd_project/main/original/40600.png,0,F,Y,,,,,
100,https://raw.githubusercontent.com/BirkhoffG/crowd_project/main/original/40601.png,0,F,Y,,,,,
101,https://raw.githubusercontent.com/BirkhoffG/crowd_project/main/original/40602.png,0,M,Y,,,,,
102,https://raw.githubusercontent.com/BirkhoffG/crowd_project/main/original/40603.png,0,M,Y,,,,,
103,https://raw.githubusercontent.com/BirkhoffG/crowd_project/main/original/40604.png,0,F,Y,,,,,
104,https://raw.githubusercontent.com/BirkhoffG/crowd_project/main/original/40605.png,2,M,Y,,,,,
105,https://raw.githubusercontent.com/BirkhoffG/crowd_project/main/original/40606.png,0,M,Y,,,,,
106,https://raw.githubusercontent.com/BirkhoffG/crowd_project/main/original/40607.png,2,M,Y,,,,,
107,https://raw.githubusercontent.com/BirkhoffG/crowd_project/main/original/40608.png,2,F,Y,,,,,
108,https://raw.githubusercontent.com/BirkhoffG/crowd_project/main/original/40609.png,0,M,C,,,,,
109,https://raw.githubusercontent.com/BirkhoffG/crowd_project/main/original/40610.png,0,F,O,,,,,
110,https://raw.githubusercontent.com/BirkhoffG/crowd_project/main/original/40611.png,2,F,Y,,,,,
111,https://raw.githubusercontent.com/BirkhoffG/crowd_project/main/original/40612.png,0,M,O,,,,,
112,https://raw.githubusercontent.com/BirkhoffG/crowd_project/main/original/40613.png,0,M,O,,,,,
113,https://raw.githubusercontent.com/BirkhoffG/crowd_project/main/original/40614.png,0,F,Y,,,,,
114,https://raw.githubusercontent.com/BirkhoffG/crowd_project/main/original/40615.png,0,M,O,,,,,
115,https://raw.githubusercontent.com/BirkhoffG/crowd_project/main/original/40616.png,0,M,C,,,,,
116,https://raw.githubusercontent.com/BirkhoffG/crowd_project/main/original/40617.png,0,F,Y,,,,,
117,https://raw.githubusercontent.com/BirkhoffG/crowd_project/main/original/40618.png,2,M,Y,,,,,
118,https://raw.githubusercontent.com/BirkhoffG/crowd_project/main/original/40619.png,0,M,O,,,,,
119,https://raw.githubusercontent.com/BirkhoffG/crowd_project/main/original/40620.png,2,M,Y,,,,,
120,https://raw.githubusercontent.com/BirkhoffG/crowd_project/main/original/40621.png,0,M,Y,,,,,
121,https://raw.githubusercontent.com/BirkhoffG/crowd_project/main/original/40622.png,3,M,C,,,,,
122,https://raw.githubusercontent.com/BirkhoffG/crowd_project/main/original/40623.png,0,M,C,,,,,
123,https://raw.githubusercontent.com/BirkhoffG/crowd_project/main/original/40624.png,2,F,C,,,,,
124,https://raw.githubusercontent.com/BirkhoffG/crowd_project/main/original/40625.png,2,M,Y,,,,,
125,https://raw.githubusercontent.com/BirkhoffG/crowd_project/main/original/40626.png,2,F,C,,,,,
126,https://raw.githubusercontent.com/BirkhoffG/crowd_project/main/original/40627.png,0,F,Y,,,,,
127,https://raw.githubusercontent.com/BirkhoffG/crowd_project/main/original/40628.png,0,F,O,,,,,
128,https://raw.githubusercontent.com/BirkhoffG/crowd_project/main/original/40629.png,2,F,O,,,,,
129,https://raw.githubusercontent.com/BirkhoffG/crowd_project/main/original/40630.png,0,M,Y,,,,,
130,https://raw.githubusercontent.com/BirkhoffG/crowd_project/main/original/40631.png,2,F,Y,,,,,
131,https://raw.githubusercontent.com/BirkhoffG/crowd_project/main/original/40632.png,1,F,Y,,,,,
132,https://raw.githubusercontent.com/BirkhoffG/crowd_project/main/original/40633.png,0,F,C,,,,,
133,https://raw.githubusercontent.com/BirkhoffG/crowd_project/main/original/40634.png,2,F,Y,,,,,
134,https://raw.githubusercontent.com/BirkhoffG/crowd_project/main/original/40635.png,0,F,Y,,,,,
135,https://raw.githubusercontent.com/BirkhoffG/crowd_project/main/original/40636.png,0,M,O,,,,,
136,https://raw.githubusercontent.com/BirkhoffG/crowd_project/main/original/40637.png,0,M,C,,,,,
137,https://raw.githubusercontent.com/BirkhoffG/crowd_project/main/original/40638.png,0,F,Y,,,,,
138,https://raw.githubusercontent.com/BirkhoffG/crowd_project/main/original/40639.png,0,M,C,,,,,
139,https://raw.githubusercontent.com/BirkhoffG/crowd_project/main/original/40640.png,0,F,Y,,,,,
140,https://raw.githubusercontent.com/BirkhoffG/crowd_project/main/original/40641.png,2,M,C,,,,,
141,https://raw.githubusercontent.com/BirkhoffG/crowd_project/main/original/40642.png,0,F,C,,,,,
142,https://raw.githubusercontent.com/BirkhoffG/crowd_project/main/original/40643.png,2,F,Y,,?,,,
143,https://raw.githubusercontent.com/BirkhoffG/crowd_project/main/original/40644.png,0,M,Y,,,,,
144,https://raw.githubusercontent.com/BirkhoffG/crowd_project/main/original/40645.png,3,M,Y,,,,,
145,https://raw.githubusercontent.com/BirkhoffG/crowd_project/main/original/40646.png,0,F,O,,,,,
146,https://raw.githubusercontent.com/BirkhoffG/crowd_project/main/original/40647.png,0,F,C,,,,,
147,https://raw.githubusercontent.com/BirkhoffG/crowd_project/main/original/40648.png,0,M,Y,,,,,
148,https://raw.githubusercontent.com/BirkhoffG/crowd_project/main/original/40649.png,0,M,Y,,,,,
149,https://raw.githubusercontent.com/BirkhoffG/crowd_project/main/original/40650.png,0,F,O,,,,,
150,https://raw.githubusercontent.com/BirkhoffG/crowd_project/main/original/40651.png,0,M,Y,,,,,
151,https://raw.githubusercontent.com/BirkhoffG/crowd_project/main/original/40652.png,3,M,C,,?,,,
152,https://raw.githubusercontent.com/BirkhoffG/crowd_project/main/original/40653.png,0,M,O,,,,,
153,https://raw.githubusercontent.com/BirkhoffG/crowd_project/main/original/40654.png,0,F,Y,,,,,
154,https://raw.githubusercontent.com/BirkhoffG/crowd_project/main/original/40655.png,3,M,Y,,,,,
155,https://raw.githubusercontent.com/BirkhoffG/crowd_project/main/original/40656.png,4,F,Y,,,,,
156,https://raw.githubusercontent.com/BirkhoffG/crowd_project/main/original/40657.png,0,M,Y,,,,,
157,https://raw.githubusercontent.com/BirkhoffG/crowd_project/main/original/40658.png,0,F,Y,,,,,
158,https://raw.githubusercontent.com/BirkhoffG/crowd_project/main/original/40659.png,0,M,C,,,,,
159,https://raw.githubusercontent.com/BirkhoffG/crowd_project/main/original/40660.png,2,F,C,,,,,
160,https://raw.githubusercontent.com/BirkhoffG/crowd_project/main/original/40661.png,0,F,Y,,,,,
161,https://raw.githubusercontent.com/BirkhoffG/crowd_project/main/original/40662.png,0,F,Y,,,,,
162,https://raw.githubusercontent.com/BirkhoffG/crowd_project/main/original/40663.png,0,M,Y,,,,,
163,https://raw.githubusercontent.com/BirkhoffG/crowd_project/main/original/40664.png,2,M,O,,,,,
164,https://raw.githubusercontent.com/BirkhoffG/crowd_project/main/original/40665.png,2,F,Y,,,,,
165,https://raw.githubusercontent.com/BirkhoffG/crowd_project/main/original/40666.png,2,M,Y,,,,,
166,https://raw.githubusercontent.com/BirkhoffG/crowd_project/main/original/40667.png,0,F,Y,,,,,
167,https://raw.githubusercontent.com/BirkhoffG/crowd_project/main/original/40668.png,2,F,Y,,,,,
168,https://raw.githubusercontent.com/BirkhoffG/crowd_project/main/original/40669.png,0,F,C,,,,,
169,https://raw.githubusercontent.com/BirkhoffG/crowd_project/main/original/40670.png,3,F,Y,,,,,
170,https://raw.githubusercontent.com/BirkhoffG/crowd_project/main/original/40671.png,4,F,Y,,?,,,
171,https://raw.githubusercontent.com/BirkhoffG/crowd_project/main/original/40672.png,0,F,C,,,,,
172,https://raw.githubusercontent.com/BirkhoffG/crowd_project/main/original/40673.png,1,F,Y,,,,,
173,https://raw.githubusercontent.com/BirkhoffG/crowd_project/main/original/40674.png,0,F,Y,,,,,
174,https://raw.githubusercontent.com/BirkhoffG/crowd_project/main/original/40675.png,3,F,O,,?,,,
175,https://raw.githubusercontent.com/BirkhoffG/crowd_project/main/original/40676.png,0,M,Y,,,,,
176,https://raw.githubusercontent.com/BirkhoffG/crowd_project/main/original/40677.png,0,F,Y,,,,,
177,https://raw.githubusercontent.com/BirkhoffG/crowd_project/main/original/40678.png,0,M,O,,,,,
178,https://raw.githubusercontent.com/BirkhoffG/crowd_project/main/original/40679.png,0,M,O,,,,,
179,https://raw.githubusercontent.com/BirkhoffG/crowd_project/main/original/40680.png,0,M,Y,,,,,
180,https://raw.githubusercontent.com/BirkhoffG/crowd_project/main/original/40681.png,0,F,Y,,,,,
181,https://raw.githubusercontent.com/BirkhoffG/crowd_project/main/original/40682.png,3,M,C,,,,,
182,https://raw.githubusercontent.com/BirkhoffG/crowd_project/main/original/40683.png,0,M,O,,,,,
183,https://raw.githubusercontent.com/BirkhoffG/crowd_project/main/original/40684.png,2,M,O,,,,,
184,https://raw.githubusercontent.com/BirkhoffG/crowd_project/main/original/40685.png,0,M,Y,,,,,
185,https://raw.githubusercontent.com/BirkhoffG/crowd_project/main/original/40686.png,0,F,Y,,,,,
186,https://raw.githubusercontent.com/BirkhoffG/crowd_project/main/original/40687.png,0,F,Y,,,,,
187,https://raw.githubusercontent.com/BirkhoffG/crowd_project/main/original/40688.png,0,M,Y,,,,,
188,https://raw.githubusercontent.com/BirkhoffG/crowd_project/main/original/40689.png,0,M,Y,,,,,
189,https://raw.githubusercontent.com/BirkhoffG/crowd_project/main/original/40690.png,2,M,C,,,,,
190,https://raw.githubusercontent.com/BirkhoffG/crowd_project/main/original/40691.png,0,M,O,,,,,
191,https://raw.githubusercontent.com/BirkhoffG/crowd_project/main/original/40692.png,2,M,O,,,,,
192,https://raw.githubusercontent.com/BirkhoffG/crowd_project/main/original/40693.png,0,F,Y,,,,,
193,https://raw.githubusercontent.com/BirkhoffG/crowd_project/main/original/40694.png,0,M,C,,,,,
194,https://raw.githubusercontent.com/BirkhoffG/crowd_project/main/original/40695.png,4,F,Y,,?,,,
195,https://raw.githubusercontent.com/BirkhoffG/crowd_project/main/original/40696.png,0,M,O,,,,,
196,https://raw.githubusercontent.com/BirkhoffG/crowd_project/main/original/40697.png,0,M,Y,,,,,
197,https://raw.githubusercontent.com/BirkhoffG/crowd_project/main/original/40698.png,2,F,C,,,,,
198,https://raw.githubusercontent.com/BirkhoffG/crowd_project/main/original/40699.png,2,M,C,,,,,
199,https://raw.githubusercontent.com/BirkhoffG/crowd_project/main/original/40700.png,1,F,Y,,,,,
200,https://raw.githubusercontent.com/BirkhoffG/crowd_project/main/original/40701.png,2,F,Y,,,,,
201,https://raw.githubusercontent.com/BirkhoffG/crowd_project/main/original/40702.png,0,M,O,,,,,
202,https://raw.githubusercontent.com/BirkhoffG/crowd_project/main/original/40703.png,0,M,Y,,,,,
203,https://raw.githubusercontent.com/BirkhoffG/crowd_project/main/original/40704.png,1,F,C,,,,,
204,https://raw.githubusercontent.com/BirkhoffG/crowd_project/main/original/40705.png,0,F,Y,,,,,
205,https://raw.githubusercontent.com/BirkhoffG/crowd_project/main/original/40706.png,2,M,Y,,,,,
206,https://raw.githubusercontent.com/BirkhoffG/crowd_project/main/original/40707.png,4,F,Y,,?,,,
207,https://raw.githubusercontent.com/BirkhoffG/crowd_project/main/original/40708.png,0,F,Y,,,,,
208,https://raw.githubusercontent.com/BirkhoffG/crowd_project/main/original/40709.png,0,F,Y,,,,,
209,https://raw.githubusercontent.com/BirkhoffG/crowd_project/main/original/40710.png,1,M,Y,,,,,
210,https://raw.githubusercontent.com/BirkhoffG/crowd_project/main/original/40711.png,0,F,Y,,,,,
211,https://raw.githubusercontent.com/BirkhoffG/crowd_project/main/original/40712.png,0,M,O,,,,,
212,https://raw.githubusercontent.com/BirkhoffG/crowd_project/main/original/40713.png,2,M,Y,,,,,
213,https://raw.githubusercontent.com/BirkhoffG/crowd_project/main/original/40714.png,0,F,Y,,,,,
214,https://raw.githubusercontent.com/BirkhoffG/crowd_project/main/original/40715.png,2,F,Y,,?,,,
215,https://raw.githubusercontent.com/BirkhoffG/crowd_project/main/original/40716.png,0,M,Y,,,,,
216,https://raw.githubusercontent.com/BirkhoffG/crowd_project/main/original/40717.png,0,M,Y,,,,,
217,https://raw.githubusercontent.com/BirkhoffG/crowd_project/main/original/40718.png,0,F,O,,,,,
218,https://raw.githubusercontent.com/BirkhoffG/crowd_project/main/original/40719.png,0,F,Y,,,,,
219,https://raw.githubusercontent.com/BirkhoffG/crowd_project/main/original/40720.png,0,F,Y,,?,,,
220,https://raw.githubusercontent.com/BirkhoffG/crowd_project/main/original/40721.png,0,M,Y,,,,,
221,https://raw.githubusercontent.com/BirkhoffG/crowd_project/main/original/40722.png,0,M,Y,,,,,
222,https://raw.githubusercontent.com/BirkhoffG/crowd_project/main/original/40723.png,0,F,Y,,,,,
223,https://raw.githubusercontent.com/BirkhoffG/crowd_project/main/original/40724.png,0,M,Y,,,,,
224,https://raw.githubusercontent.com/BirkhoffG/crowd_project/main/original/40725.png,0,F,Y,,,,,
225,https://raw.githubusercontent.com/BirkhoffG/crowd_project/main/original/40726.png,0,F,Y,,,,,
226,https://raw.githubusercontent.com/BirkhoffG/crowd_project/main/original/40727.png,3,F,Y,,,,,
227,https://raw.githubusercontent.com/BirkhoffG/crowd_project/main/original/40728.png,1,M,O,,,,,
228,https://raw.githubusercontent.com/BirkhoffG/crowd_project/main/original/40729.png,0,M,Y,,,,,
229,https://raw.githubusercontent.com/BirkhoffG/crowd_project/main/original/40730.png,2,M,C,,,,,
230,https://raw.githubusercontent.com/BirkhoffG/crowd_project/main/original/40731.png,1,F,Y,,,,,
231,https://raw.githubusercontent.com/BirkhoffG/crowd_project/main/original/40732.png,0,M,C,,,,,
232,https://raw.githubusercontent.com/BirkhoffG/crowd_project/main/original/40733.png,0,F,Y,,,,,
233,https://raw.githubusercontent.com/BirkhoffG/crowd_project/main/original/40734.png,0,F,Y,,,,,
234,https://raw.githubusercontent.com/BirkhoffG/crowd_project/main/original/40735.png,0,M,Y,,,,,
235,https://raw.githubusercontent.com/BirkhoffG/crowd_project/main/original/40736.png,0,F,Y,,,,,
236,https://raw.githubusercontent.com/BirkhoffG/crowd_project/main/original/40737.png,1,F,Y,,,,,
237,https://raw.githubusercontent.com/BirkhoffG/crowd_project/main/original/40738.png,0,M,C,,,,,
238,https://raw.githubusercontent.com/BirkhoffG/crowd_project/main/original/40739.png,0,F,Y,,,,,
239,https://raw.githubusercontent.com/BirkhoffG/crowd_project/main/original/40740.png,0,M,O,,,,,
240,https://raw.githubusercontent.com/BirkhoffG/crowd_project/main/original/40741.png,0,F,Y,,,,,
241,https://raw.githubusercontent.com/BirkhoffG/crowd_project/main/original/40742.png,0,M,C,,,,,
242,https://raw.githubusercontent.com/BirkhoffG/crowd_project/main/original/40743.png,4,M,Y,,?,,,
243,https://raw.githubusercontent.com/BirkhoffG/crowd_project/main/original/40744.png,0,F,Y,,,,,
244,https://raw.githubusercontent.com/BirkhoffG/crowd_project/main/original/40745.png,0,F,Y,,,,,
245,https://raw.githubusercontent.com/BirkhoffG/crowd_project/main/original/40746.png,2,F,Y,,,,,
246,https://raw.githubusercontent.com/BirkhoffG/crowd_project/main/original/40747.png,0,M,O,,,,,
247,https://raw.githubusercontent.com/BirkhoffG/crowd_project/main/original/40748.png,3,F,C,,,,,
248,https://raw.githubusercontent.com/BirkhoffG/crowd_project/main/original/40749.png,0,M,O,,,,,
249,https://raw.githubusercontent.com/BirkhoffG/crowd_project/main/original/40750.png,0,F,Y,,,,,
250,https://raw.githubusercontent.com/BirkhoffG/crowd_project/main/original/40751.png,0,M,Y,,,,,
251,https://raw.githubusercontent.com/BirkhoffG/crowd_project/main/original/40752.png,3,M,Y,,,,,
252,https://raw.githubusercontent.com/BirkhoffG/crowd_project/main/original/40753.png,0,F,C,,,,,
253,https://raw.githubusercontent.com/BirkhoffG/crowd_project/main/original/40754.png,0,F,C,,,,,
254,https://raw.githubusercontent.com/BirkhoffG/crowd_project/main/original/40755.png,0,F,Y,,,,,
255,https://raw.githubusercontent.com/BirkhoffG/crowd_project/main/original/40756.png,2,F,Y,,,,,
256,https://raw.githubusercontent.com/BirkhoffG/crowd_project/main/original/40757.png,2,F,Y,,,,,
257,https://raw.githubusercontent.com/BirkhoffG/crowd_project/main/original/40758.png,0,F,Y,,,,,
258,https://raw.githubusercontent.com/BirkhoffG/crowd_project/main/original/40759.png,0,M,O,,,,,
259,https://raw.githubusercontent.com/BirkhoffG/crowd_project/main/original/40760.png,0,M,Y,,,,,
260,https://raw.githubusercontent.com/BirkhoffG/crowd_project/main/original/40761.png,0,M,Y,,,,,
261,https://raw.githubusercontent.com/BirkhoffG/crowd_project/main/original/40762.png,1,F,Y,,,,,
262,https://raw.githubusercontent.com/BirkhoffG/crowd_project/main/original/40763.png,0,F,Y,,,,,
263,https://raw.githubusercontent.com/BirkhoffG/crowd_project/main/original/40764.png,0,F,Y,,,,,
264,https://raw.githubusercontent.com/BirkhoffG/crowd_project/main/original/40765.png,2,F,O,,,,,
265,https://raw.githubusercontent.com/BirkhoffG/crowd_project/main/original/40766.png,0,M,C,,,,,
266,https://raw.githubusercontent.com/BirkhoffG/crowd_project/main/original/40767.png,0,F,Y,,,,,
267,https://raw.githubusercontent.com/BirkhoffG/crowd_project/main/original/40768.png,2,F,Y,,,,,
268,https://raw.githubusercontent.com/BirkhoffG/crowd_project/main/original/40769.png,0,M,Y,,,,,
269,https://raw.githubusercontent.com/BirkhoffG/crowd_project/main/original/40770.png,0,F,C,,,,,
270,https://raw.githubusercontent.com/BirkhoffG/crowd_project/main/original/40771.png,0,M,Y,,,,,
271,https://raw.githubusercontent.com/BirkhoffG/crowd_project/main/original/40772.png,0,F,Y,,,,,
272,https://raw.githubusercontent.com/BirkhoffG/crowd_project/main/original/40773.png,3,M,O,,,,,
273,https://raw.githubusercontent.com/BirkhoffG/crowd_project/main/original/40774.png,0,M,Y,,,,,
274,https://raw.githubusercontent.com/BirkhoffG/crowd_project/main/original/40775.png,0,M,Y,,,,,
275,https://raw.githubusercontent.com/BirkhoffG/crowd_project/main/original/40776.png,0,M,Y,,,,,
276,https://raw.githubusercontent.com/BirkhoffG/crowd_project/main/original/40777.png,0,M,Y,,,,,
277,https://raw.githubusercontent.com/BirkhoffG/crowd_project/main/original/40778.png,0,F,C,,,,,
278,https://raw.githubusercontent.com/BirkhoffG/crowd_project/main/original/40779.png,3,M,C,,?,,,
279,https://raw.githubusercontent.com/BirkhoffG/crowd_project/main/original/40780.png,2,M,Y,,,,,
280,https://raw.githubusercontent.com/BirkhoffG/crowd_project/main/original/40781.png,0,F,Y,,,,,
281,https://raw.githubusercontent.com/BirkhoffG/crowd_project/main/original/40782.png,0,M,Y,,,,,
282,https://raw.githubusercontent.com/BirkhoffG/crowd_project/main/original/40783.png,1,F,Y,,,,,
283,https://raw.githubusercontent.com/BirkhoffG/crowd_project/main/original/40784.png,2,F,Y,,,,,
284,https://raw.githubusercontent.com/BirkhoffG/crowd_project/main/original/40785.png,0,F,C,,,,,
285,https://raw.githubusercontent.com/BirkhoffG/crowd_project/main/original/40786.png,1,M,Y,,,,,
286,https://raw.githubusercontent.com/BirkhoffG/crowd_project/main/original/40787.png,0,M,Y,,,,,
287,https://raw.githubusercontent.com/BirkhoffG/crowd_project/main/original/40788.png,1,M,Y,,,,,
288,https://raw.githubusercontent.com/BirkhoffG/crowd_project/main/original/40789.png,0,F,Y,,,,,
289,https://raw.githubusercontent.com/BirkhoffG/crowd_project/main/original/40790.png,4,M,Y,,,,,
290,https://raw.githubusercontent.com/BirkhoffG/crowd_project/main/original/40791.png,0,M,Y,,,,,
291,https://raw.githubusercontent.com/BirkhoffG/crowd_project/main/original/40792.png,0,F,Y,,,,,
292,https://raw.githubusercontent.com/BirkhoffG/crowd_project/main/original/40793.png,0,F,Y,,,,,
293,https://raw.githubusercontent.com/BirkhoffG/crowd_project/main/original/40794.png,2,M,Y,,,,,
294,https://raw.githubusercontent.com/BirkhoffG/crowd_project/main/original/40795.png,2,F,Y,,,,,
295,https://raw.githubusercontent.com/BirkhoffG/crowd_project/main/original/40796.png,0,M,Y,,,,,
296,https://raw.githubusercontent.com/BirkhoffG/crowd_project/main/original/40797.png,0,F,Y,,,,,
297,https://raw.githubusercontent.com/BirkhoffG/crowd_project/main/original/40798.png,0,M,Y,,,,,
298,https://raw.githubusercontent.com/BirkhoffG/crowd_project/main/original/40799.png,0,F,Y,,,,,
299,https://raw.githubusercontent.com/BirkhoffG/crowd_project/main/original/40800.png,0,M,C,,,,,
300,https://raw.githubusercontent.com/BirkhoffG/crowd_project/main/original/40801.png,1,F,Y,,,,,
301,https://raw.githubusercontent.com/BirkhoffG/crowd_project/main/original/40802.png,0,M,C,,,,,
302,https://raw.githubusercontent.com/BirkhoffG/crowd_project/main/original/40803.png,0,M,Y,,,,,
303,https://raw.githubusercontent.com/BirkhoffG/crowd_project/main/original/40804.png,0,F,Y,,,,,
304,https://raw.githubusercontent.com/BirkhoffG/crowd_project/main/original/40805.png,3,F,Y,,?,,,
305,https://raw.githubusercontent.com/BirkhoffG/crowd_project/main/original/40806.png,0,F,O,,,,,
306,https://raw.githubusercontent.com/BirkhoffG/crowd_project/main/original/40807.png,0,M,Y,,,,,
307,https://raw.githubusercontent.com/BirkhoffG/crowd_project/main/original/40808.png,0,F,Y,,,,,
308,https://raw.githubusercontent.com/BirkhoffG/crowd_project/main/original/40809.png,3,F,Y,,,,,
309,https://raw.githubusercontent.com/BirkhoffG/crowd_project/main/original/40810.png,0,F,C,,,,,
310,https://raw.githubusercontent.com/BirkhoffG/crowd_project/main/original/40811.png,0,F,Y,,,,,
311,https://raw.githubusercontent.com/BirkhoffG/crowd_project/main/original/40812.png,0,M,Y,,,,,
312,https://raw.githubusercontent.com/BirkhoffG/crowd_project/main/original/40813.png,1,F,Y,,,,,
313,https://raw.githubusercontent.com/BirkhoffG/crowd_project/main/original/40814.png,0,F,Y,,,,,
314,https://raw.githubusercontent.com/BirkhoffG/crowd_project/main/original/40815.png,0,F,Y,,?,,,
315,https://raw.githubusercontent.com/BirkhoffG/crowd_project/main/original/40816.png,0,M,O,,,,,
316,https://raw.githubusercontent.com/BirkhoffG/crowd_project/main/original/40817.png,0,F,Y,,,,,
317,https://raw.githubusercontent.com/BirkhoffG/crowd_project/main/original/40818.png,0,M,C,,,,,
318,https://raw.githubusercontent.com/BirkhoffG/crowd_project/main/original/40819.png,2,F,C,,,,,
319,https://raw.githubusercontent.com/BirkhoffG/crowd_project/main/original/40820.png,0,F,O,,,,,
320,https://raw.githubusercontent.com/BirkhoffG/crowd_project/main/original/40821.png,0,M,Y,,,,,
321,https://raw.githubusercontent.com/BirkhoffG/crowd_project/main/original/40822.png,3,M,Y,,,,,
322,https://raw.githubusercontent.com/BirkhoffG/crowd_project/main/original/40823.png,0,F,Y,,,,,
323,https://raw.githubusercontent.com/BirkhoffG/crowd_project/main/original/40824.png,0,F,C,,,,,
324,https://raw.githubusercontent.com/BirkhoffG/crowd_project/main/original/40825.png,2,F,O,,,,,
325,https://raw.githubusercontent.com/BirkhoffG/crowd_project/main/original/40826.png,0,F,C,,,,,
326,https://raw.githubusercontent.com/BirkhoffG/crowd_project/main/original/40827.png,0,F,Y,,,,,
327,https://raw.githubusercontent.com/BirkhoffG/crowd_project/main/original/40828.png,2,M,Y,,,,,
328,https://raw.githubusercontent.com/BirkhoffG/crowd_project/main/original/40829.png,3,M,Y,,,,,
329,https://raw.githubusercontent.com/BirkhoffG/crowd_project/main/original/40830.png,2,F,C,,,,,
330,https://raw.githubusercontent.com/BirkhoffG/crowd_project/main/original/40831.png,2,F,Y,,,,,
331,https://raw.githubusercontent.com/BirkhoffG/crowd_project/main/original/40832.png,0,F,Y,,,,,
332,https://raw.githubusercontent.com/BirkhoffG/crowd_project/main/original/40833.png,2,F,Y,,,,,
333,https://raw.githubusercontent.com/BirkhoffG/crowd_project/main/original/40834.png,2,M,C,,,,,
334,https://raw.githubusercontent.com/BirkhoffG/crowd_project/main/original/40835.png,0,F,O,,,,,
335,https://raw.githubusercontent.com/BirkhoffG/crowd_project/main/original/40836.png,4,F,Y,,,,,
336,https://raw.githubusercontent.com/BirkhoffG/crowd_project/main/original/40837.png,0,M,O,,,,,
337,https://raw.githubusercontent.com/BirkhoffG/crowd_project/main/original/40838.png,0,F,C,,,,,
338,https://raw.githubusercontent.com/BirkhoffG/crowd_project/main/original/40839.png,0,M,O,,,,,
339,https://raw.githubusercontent.com/BirkhoffG/crowd_project/main/original/40840.png,3,F,Y,,,,,
340,https://raw.githubusercontent.com/BirkhoffG/crowd_project/main/original/40841.png,1,M,Y,,,,,
341,https://raw.githubusercontent.com/BirkhoffG/crowd_project/main/original/40842.png,0,F,Y,,,,,
342,https://raw.githubusercontent.com/BirkhoffG/crowd_project/main/original/40843.png,0,F,C,,,,,
343,https://raw.githubusercontent.com/BirkhoffG/crowd_project/main/original/40844.png,3,M,C,,,,,
344,https://raw.githubusercontent.com/BirkhoffG/crowd_project/main/original/40845.png,0,M,Y,,,,,
345,https://raw.githubusercontent.com/BirkhoffG/crowd_project/main/original/40846.png,2,M,C,,,,,
346,https://raw.githubusercontent.com/BirkhoffG/crowd_project/main/original/40847.png,0,M,C,,,,,
347,https://raw.githubusercontent.com/BirkhoffG/crowd_project/main/original/40848.png,1,F,Y,,,,,
348,https://raw.githubusercontent.com/BirkhoffG/crowd_project/main/original/40849.png,0,F,Y,,,,,
349,https://raw.githubusercontent.com/BirkhoffG/crowd_project/main/original/40850.png,0,F,Y,,,,,
350,https://raw.githubusercontent.com/BirkhoffG/crowd_project/main/original/40851.png,0,M,O,,,,,
351,https://raw.githubusercontent.com/BirkhoffG/crowd_project/main/original/40852.png,2,F,Y,,,,,
352,https://raw.githubusercontent.com/BirkhoffG/crowd_project/main/original/40853.png,2,M,Y,,,,,
353,https://raw.githubusercontent.com/BirkhoffG/crowd_project/main/original/40854.png,2,F,Y,,,,,
354,https://raw.githubusercontent.com/BirkhoffG/crowd_project/main/original/40855.png,2,F,O,,,,,
355,https://raw.githubusercontent.com/BirkhoffG/crowd_project/main/original/40856.png,0,M,O,,,,,
356,https://raw.githubusercontent.com/BirkhoffG/crowd_project/main/original/40857.png,2,M,Y,,,,,
357,https://raw.githubusercontent.com/BirkhoffG/crowd_project/main/original/40858.png,0,F,O,,,,,
358,https://raw.githubusercontent.com/BirkhoffG/crowd_project/main/original/40859.png,2,F,C,,,,,
359,https://raw.githubusercontent.com/BirkhoffG/crowd_project/main/original/40860.png,2,F,Y,,,,,
360,https://raw.githubusercontent.com/BirkhoffG/crowd_project/main/original/40861.png,0,M,Y,,,,,
361,https://raw.githubusercontent.com/BirkhoffG/crowd_project/main/original/40862.png,2,M,Y,,,,,
362,https://raw.githubusercontent.com/BirkhoffG/crowd_project/main/original/40863.png,0,F,Y,,,,,
363,https://raw.githubusercontent.com/BirkhoffG/crowd_project/main/original/40864.png,0,F,Y,,,,,
364,https://raw.githubusercontent.com/BirkhoffG/crowd_project/main/original/40865.png,0,F,Y,,,,,
365,https://raw.githubusercontent.com/BirkhoffG/crowd_project/main/original/40866.png,0,M,C,,,,,
366,https://raw.githubusercontent.com/BirkhoffG/crowd_project/main/original/40867.png,0,F,Y,,,,,
367,https://raw.githubusercontent.com/BirkhoffG/crowd_project/main/original/40868.png,4,F,Y,,?,,,
368,https://raw.githubusercontent.com/BirkhoffG/crowd_project/main/original/40869.png,0,M,Y,,,,,
369,https://raw.githubusercontent.com/BirkhoffG/crowd_project/main/original/40870.png,0,F,O,,,,,
370,https://raw.githubusercontent.com/BirkhoffG/crowd_project/main/original/40871.png,3,M,Y,,,,,
371,https://raw.githubusercontent.com/BirkhoffG/crowd_project/main/original/40872.png,0,F,Y,,,,,
372,https://raw.githubusercontent.com/BirkhoffG/crowd_project/main/original/40873.png,2,M,C,,,,,
373,https://raw.githubusercontent.com/BirkhoffG/crowd_project/main/original/40874.png,0,F,Y,,,,,
374,https://raw.githubusercontent.com/BirkhoffG/crowd_project/main/original/40875.png,0,F,Y,,,,,
375,https://raw.githubusercontent.com/BirkhoffG/crowd_project/main/original/40876.png,0,M,Y,,,,,
376,https://raw.githubusercontent.com/BirkhoffG/crowd_project/main/original/40877.png,0,M,Y,,,,,
377,https://raw.githubusercontent.com/BirkhoffG/crowd_project/main/original/40878.png,0,F,Y,,,,,
378,https://raw.githubusercontent.com/BirkhoffG/crowd_project/main/original/40879.png,2,F,Y,,,,,
379,https://raw.githubusercontent.com/BirkhoffG/crowd_project/main/original/40880.png,1,F,Y,,,,,
380,https://raw.githubusercontent.com/BirkhoffG/crowd_project/main/original/40881.png,4,F,Y,,,,,
381,https://raw.githubusercontent.com/BirkhoffG/crowd_project/main/original/40882.png,0,F,Y,,,,,
382,https://raw.githubusercontent.com/BirkhoffG/crowd_project/main/original/40883.png,3,F,O,,?,,,
383,https://raw.githubusercontent.com/BirkhoffG/crowd_project/main/original/40884.png,2,M,Y,,,,,
384,https://raw.githubusercontent.com/BirkhoffG/crowd_project/main/original/40885.png,0,M,Y,,,,,
385,https://raw.githubusercontent.com/BirkhoffG/crowd_project/main/original/40886.png,3,F,Y,,,,,
386,https://raw.githubusercontent.com/BirkhoffG/crowd_project/main/original/40887.png,0,F,O,,,,,
387,https://raw.githubusercontent.com/BirkhoffG/crowd_project/main/original/40888.png,2,F,Y,,,,,
388,https://raw.githubusercontent.com/BirkhoffG/crowd_project/main/original/40889.png,3,F,C,,,,,
389,https://raw.githubusercontent.com/BirkhoffG/crowd_project/main/original/40890.png,0,M,Y,,,,,
390,https://raw.githubusercontent.com/BirkhoffG/crowd_project/main/original/40891.png,0,M,Y,,,,,
391,https://raw.githubusercontent.com/BirkhoffG/crowd_project/main/original/40892.png,3,M,Y,,?,,,
392,https://raw.githubusercontent.com/BirkhoffG/crowd_project/main/original/40893.png,4,F,Y,,?,,,
393,https://raw.githubusercontent.com/BirkhoffG/crowd_project/main/original/40894.png,0,F,Y,,,,,
394,https://raw.githubusercontent.com/BirkhoffG/crowd_project/main/original/40895.png,1,M,C,,,,,
395,https://raw.githubusercontent.com/BirkhoffG/crowd_project/main/original/40896.png,0,M,Y,,,,,
396,https://raw.githubusercontent.com/BirkhoffG/crowd_project/main/original/40897.png,2,M,C,,,,,
397,https://raw.githubusercontent.com/BirkhoffG/crowd_project/main/original/40898.png,0,M,Y,,,,,
398,https://raw.githubusercontent.com/BirkhoffG/crowd_project/main/original/40899.png,0,F,Y,,,,,
399,https://raw.githubusercontent.com/BirkhoffG/crowd_project/main/original/40900.png,0,F,Y,,,,,
400,https://raw.githubusercontent.com/BirkhoffG/crowd_project/main/original/40901.png,0,F,C,,,,,
401,https://raw.githubusercontent.com/BirkhoffG/crowd_project/main/original/40902.png,3,F,Y,,,,,
402,https://raw.githubusercontent.com/BirkhoffG/crowd_project/main/original/40903.png,1,F,Y,,,,,
403,https://raw.githubusercontent.com/BirkhoffG/crowd_project/main/original/40904.png,2,M,C,,,,,
404,https://raw.githubusercontent.com/BirkhoffG/crowd_project/main/original/40905.png,0,F,Y,,,,,
405,https://raw.githubusercontent.com/BirkhoffG/crowd_project/main/original/40906.png,2,F,C,,,,,
406,https://raw.githubusercontent.com/BirkhoffG/crowd_project/main/original/40907.png,0,M,Y,,,,,
407,https://raw.githubusercontent.com/BirkhoffG/crowd_project/main/original/40908.png,3,F,Y,,,,,
408,https://raw.githubusercontent.com/BirkhoffG/crowd_project/main/original/40909.png,0,F,C,,,,,
409,https://raw.githubusercontent.com/BirkhoffG/crowd_project/main/original/40910.png,0,F,Y,,,,,
410,https://raw.githubusercontent.com/BirkhoffG/crowd_project/main/original/40911.png,1,F,Y,,,,,
411,https://raw.githubusercontent.com/BirkhoffG/crowd_project/main/original/40912.png,2,F,Y,,,,,
412,https://raw.githubusercontent.com/BirkhoffG/crowd_project/main/original/40913.png,0,M,Y,,,,,
413,https://raw.githubusercontent.com/BirkhoffG/crowd_project/main/original/40914.png,0,M,Y,,,,,
414,https://raw.githubusercontent.com/BirkhoffG/crowd_project/main/original/40915.png,0,M,Y,,,,,
415,https://raw.githubusercontent.com/BirkhoffG/crowd_project/main/original/40916.png,0,M,Y,,,,,
416,https://raw.githubusercontent.com/BirkhoffG/crowd_project/main/original/40917.png,0,M,Y,,,,,
417,https://raw.githubusercontent.com/BirkhoffG/crowd_project/main/original/40918.png,2,F,C,,,,,
418,https://raw.githubusercontent.com/BirkhoffG/crowd_project/main/original/40919.png,2,M,O,,,,,
419,https://raw.githubusercontent.com/BirkhoffG/crowd_project/main/original/40920.png,0,F,Y,,,,,
420,https://raw.githubusercontent.com/BirkhoffG/crowd_project/main/original/40921.png,0,F,Y,,,,,
421,https://raw.githubusercontent.com/BirkhoffG/crowd_project/main/original/40922.png,0,M,Y,,,,,
422,https://raw.githubusercontent.com/BirkhoffG/crowd_project/main/original/40923.png,3,M,C,,?,,,
423,https://raw.githubusercontent.com/BirkhoffG/crowd_project/main/original/40924.png,1,M,Y,,,,,
424,https://raw.githubusercontent.com/BirkhoffG/crowd_project/main/original/40925.png,4,F,Y,,?,,,
425,https://raw.githubusercontent.com/BirkhoffG/crowd_project/main/original/40926.png,0,M,Y,,,,,
426,https://raw.githubusercontent.com/BirkhoffG/crowd_project/main/original/40927.png,0,F,Y,,,,,
427,https://raw.githubusercontent.com/BirkhoffG/crowd_project/main/original/40928.png,0,F,Y,,,,,
428,https://raw.githubusercontent.com/BirkhoffG/crowd_project/main/original/40929.png,3,M,Y,,,,,
429,https://raw.githubusercontent.com/BirkhoffG/crowd_project/main/original/40930.png,3,M,Y,,,,,
430,https://raw.githubusercontent.com/BirkhoffG/crowd_project/main/original/40931.png,0,F,Y,,,,,
431,https://raw.githubusercontent.com/BirkhoffG/crowd_project/main/original/40932.png,2,M,Y,,,,,
432,https://raw.githubusercontent.com/BirkhoffG/crowd_project/main/original/40933.png,2,F,Y,,,,,
433,https://raw.githubusercontent.com/BirkhoffG/crowd_project/main/original/40934.png,0,M,C,,,,,
434,https://raw.githubusercontent.com/BirkhoffG/crowd_project/main/original/40935.png,0,F,Y,,,,,
435,https://raw.githubusercontent.com/BirkhoffG/crowd_project/main/original/40936.png,2,M,Y,,,,,
436,https://raw.githubusercontent.com/BirkhoffG/crowd_project/main/original/40937.png,0,F,Y,,,,,
437,https://raw.githubusercontent.com/BirkhoffG/crowd_project/main/original/40938.png,0,F,Y,,,,,
438,https://raw.githubusercontent.com/BirkhoffG/crowd_project/main/original/40939.png,0,F,Y,,,,,
439,https://raw.githubusercontent.com/BirkhoffG/crowd_project/main/original/40940.png,2,M,C,,,,,
440,https://raw.githubusercontent.com/BirkhoffG/crowd_project/main/original/40941.png,2,F,Y,,,,,
441,https://raw.githubusercontent.com/BirkhoffG/crowd_project/main/original/40942.png,0,F,Y,,,,,
442,https://raw.githubusercontent.com/BirkhoffG/crowd_project/main/original/40943.png,0,M,Y,,,,,
443,https://raw.githubusercontent.com/BirkhoffG/crowd_project/main/original/40944.png,0,M,Y,,,,,
444,https://raw.githubusercontent.com/BirkhoffG/crowd_project/main/original/40945.png,0,F,Y,,,,,
445,https://raw.githubusercontent.com/BirkhoffG/crowd_project/main/original/40946.png,0,M,O,,,,,
446,https://raw.githubusercontent.com/BirkhoffG/crowd_project/main/original/40947.png,0,F,C,,,,,
447,https://raw.githubusercontent.com/BirkhoffG/crowd_project/main/original/40948.png,2,F,C,,,,,
448,https://raw.githubusercontent.com/BirkhoffG/crowd_project/main/original/40949.png,0,M,Y,,,,,
449,https://raw.githubusercontent.com/BirkhoffG/crowd_project/main/original/40950.png,0,M,O,,,,,
450,https://raw.githubusercontent.com/BirkhoffG/crowd_project/main/original/40951.png,0,M,Y,,,,,
451,https://raw.githubusercontent.com/BirkhoffG/crowd_project/main/original/40952.png,2,F,Y,,,,,
452,https://raw.githubusercontent.com/BirkhoffG/crowd_project/main/original/40953.png,0,M,Y,,,,,
453,https://raw.githubusercontent.com/BirkhoffG/crowd_project/main/original/40954.png,0,M,O,,,,,
454,https://raw.githubusercontent.com/BirkhoffG/crowd_project/main/original/40955.png,0,F,Y,,,,,
455,https://raw.githubusercontent.com/BirkhoffG/crowd_project/main/original/40956.png,0,F,C,,,,,
456,https://raw.githubusercontent.com/BirkhoffG/crowd_project/main/original/40957.png,0,M,O,,,,,
457,https://raw.githubusercontent.com/BirkhoffG/crowd_project/main/original/40958.png,2,M,C,,,,,
458,https://raw.githubusercontent.com/BirkhoffG/crowd_project/main/original/40959.png,3,F,C,,,,,
459,https://raw.githubusercontent.com/BirkhoffG/crowd_project/main/original/40960.png,2,M,C,,,,,
460,https://raw.githubusercontent.com/BirkhoffG/crowd_project/main/original/40961.png,0,M,O,,,,,
461,https://raw.githubusercontent.com/BirkhoffG/crowd_project/main/original/40962.png,0,F,C,,,,,
462,https://raw.githubusercontent.com/BirkhoffG/crowd_project/main/original/40963.png,2,F,Y,,,,,
463,https://raw.githubusercontent.com/BirkhoffG/crowd_project/main/original/40964.png,0,F,Y,,,,,
464,https://raw.githubusercontent.com/BirkhoffG/crowd_project/main/original/40965.png,0,F,Y,,?,,,
465,https://raw.githubusercontent.com/BirkhoffG/crowd_project/main/original/40966.png,0,F,Y,,,,,
466,https://raw.githubusercontent.com/BirkhoffG/crowd_project/main/original/40967.png,3,M,Y,,?,,,
467,https://raw.githubusercontent.com/BirkhoffG/crowd_project/main/original/40968.png,3,M,Y,,?,,,
468,https://raw.githubusercontent.com/BirkhoffG/crowd_project/main/original/40969.png,0,F,Y,,,,,
469,https://raw.githubusercontent.com/BirkhoffG/crowd_project/main/original/40970.png,2,F,Y,,,,,
470,https://raw.githubusercontent.com/BirkhoffG/crowd_project/main/original/40971.png,2,M,Y,,,,,
471,https://raw.githubusercontent.com/BirkhoffG/crowd_project/main/original/40972.png,0,M,C,,,,,
472,https://raw.githubusercontent.com/BirkhoffG/crowd_project/main/original/40973.png,0,F,C,,,,,
473,https://raw.githubusercontent.com/BirkhoffG/crowd_project/main/original/40974.png,0,F,Y,,,,,
474,https://raw.githubusercontent.com/BirkhoffG/crowd_project/main/original/40975.png,0,M,Y,,,,,
475,https://raw.githubusercontent.com/BirkhoffG/crowd_project/main/original/40976.png,0,M,Y,,,,,
476,https://raw.githubusercontent.com/BirkhoffG/crowd_project/main/original/40977.png,0,M,Y,,,,,
477,https://raw.githubusercontent.com/BirkhoffG/crowd_project/main/original/40978.png,2,F,Y,,,,,
478,https://raw.githubusercontent.com/BirkhoffG/crowd_project/main/original/40979.png,0,F,C,,,,,
479,https://raw.githubusercontent.com/BirkhoffG/crowd_project/main/original/40980.png,2,M,C,,,,,
480,https://raw.githubusercontent.com/BirkhoffG/crowd_project/main/original/40981.png,0,M,Y,,,,,
481,https://raw.githubusercontent.com/BirkhoffG/crowd_project/main/original/40982.png,0,M,Y,,,,,
482,https://raw.githubusercontent.com/BirkhoffG/crowd_project/main/original/40983.png,0,F,Y,,,,,
483,https://raw.githubusercontent.com/BirkhoffG/crowd_project/main/original/40984.png,0,F,Y,,,,,
484,https://raw.githubusercontent.com/BirkhoffG/crowd_project/main/original/40985.png,0,M,Y,,,,,
485,https://raw.githubusercontent.com/BirkhoffG/crowd_project/main/original/40986.png,1,F,Y,,?,,,
486,https://raw.githubusercontent.com/BirkhoffG/crowd_project/main/original/40987.png,0,F,C,,,,,
487,https://raw.githubusercontent.com/BirkhoffG/crowd_project/main/original/40988.png,1,F,C,,,,,
488,https://raw.githubusercontent.com/BirkhoffG/crowd_project/main/original/40989.png,0,M,Y,,,,,
489,https://raw.githubusercontent.com/BirkhoffG/crowd_project/main/original/40990.png,2,M,C,,,,,
490,https://raw.githubusercontent.com/BirkhoffG/crowd_project/main/original/40991.png,0,M,C,,,,,
491,https://raw.githubusercontent.com/BirkhoffG/crowd_project/main/original/40992.png,0,M,Y,,,,,
492,https://raw.githubusercontent.com/BirkhoffG/crowd_project/main/original/40993.png,0,M,C,,,,,
493,https://raw.githubusercontent.com/BirkhoffG/crowd_project/main/original/40994.png,0,F,Y,,,,,
494,https://raw.githubusercontent.com/BirkhoffG/crowd_project/main/original/40995.png,2,F,Y,,,,,
495,https://raw.githubusercontent.com/BirkhoffG/crowd_project/main/original/40996.png,0,M,C,,,,,
496,https://raw.githubusercontent.com/BirkhoffG/crowd_project/main/original/40997.png,0,F,O,,,,,
497,https://raw.githubusercontent.com/BirkhoffG/crowd_project/main/original/40998.png,1,F,Y,,,,,
498,https://raw.githubusercontent.com/BirkhoffG/crowd_project/main/original/40999.png,0,M,Y,,,,,
499,https://raw.githubusercontent.com/BirkhoffG/crowd_project/main/original/41000.png,,,,,,,,
